date,revenue_eur,cogs_eur,labor_cost_eur,overhead_eur,gross_profit_eur,gross_margin_pct,operating_profit_eur,operating_margin_pct,labor_pct_of_revenue
2026-05-01,1716.1000000000001,546.1,581.624,211.892247043364,1170.0,0.681778451139211,376.48375295663595,0.21938334185457486,0.3389219742439252
2026-05-02,788.3000000000001,251.10000000000002,479.526,211.892247043364,537.2,0.6814664467842192,-154.21824704336396,-0.19563395540195858,0.6083039451985285
2026-05-03,919.4,293.6,484.05,211.892247043364,625.8,0.6806613008483794,-70.14224704336405,-0.0762913280871917,0.5264846639112465
2026-05-04,1477.7,469.1,571.824,211.892247043364,1008.6,0.682547201732422,224.88375295663607,0.1521849854210165,0.3869689382147932
2026-05-05,1555.9,494.05,523.77,211.892247043364,1061.8500000000001,0.6824667395076804,326.18775295663613,0.2096457053516525,0.3366347451635709
2026-05-06,1434.2,456.1,624.715,211.892247043364,978.1,0.6819829870310975,141.492752956636,0.09865622155671175,0.43558429786640634
2026-05-07,1540.4,488.7,608.344,211.892247043364,1051.7,0.6827447416255518,231.463752956636,0.1502621091642664,0.3949259932485069
2026-05-08,1384.6000000000001,442.35,536.154,211.892247043364,942.2500000000001,0.680521450238336,194.20375295663612,0.14025982446673127,0.3872266358515094
2026-05-09,696.3000000000001,220.25,379.424,211.892247043364,476.05000000000007,0.6836851931638662,-115.2662470433639,-0.16554107000339494,0.5449145483268705
2026-05-10,1034.3,330.55,439.72499999999997,211.892247043364,703.75,0.6804118727641884,52.13275295663604,0.05040389921360924,0.4251426085275065
2026-05-11,1080.1,339.45,613.18,211.892247043364,740.6499999999999,0.6857235441162854,-84.42224704336408,-0.07816151008551439,0.5677066938246459
2026-05-12,1507.6000000000001,477.65000000000003,611.667,211.892247043364,1029.95,0.6831719288936057,206.39075295663602,0.13690020758598834,0.4057223401432741
2026-05-13,1207.3,377.85,595.8349999999999,211.892247043364,829.4499999999999,0.6870289074794996,21.722752956636015,0.01799283770118116,0.4935268781578729
2026-05-14,1285.3,403.15000000000003,578.14,211.892247043364,882.1499999999999,0.6863378199642106,92.11775295663588,0.07167023493086119,0.44980938302341866
2026-05-15,1427.8,452.35,587.225,211.892247043364,975.4499999999999,0.6831839193164309,176.33275295663591,0.12349961686275103,0.41127959097912875
2026-05-16,803.8000000000001,256.25,486.08599999999996,211.892247043364,547.5500000000001,0.6812017914904205,-150.42824704336388,-0.18714636357721307,0.6047350087086338
2026-05-17,736.9,238.35000000000002,457.71,211.892247043364,498.54999999999995,0.676550413896051,-171.05224704336402,-0.23212409695123357,0.6211290541457457
2026-05-18,1235.7,393.8,625.136,211.892247043364,841.9000000000001,0.6813142348466457,4.871752956636129,0.00394250461814043,0.5058962531358744
2026-05-19,1080.4,337.40000000000003,533.171,211.892247043364,743.0,0.6877082562014069,-2.0632470433640435,-0.001909706630288822,0.49349407626804886
2026-05-20,1274.2,399.65000000000003,578.9209999999999,211.892247043364,874.55,0.6863522210014126,83.73675295663602,0.06571711894258046,0.45434076283158054
2026-05-21,1539.3000000000002,494.9,523.232,211.892247043364,1044.4,0.6784902228285584,309.2757529566361,0.20091973816451378,0.33991554602741497
2026-05-22,1330.6000000000001,419.85,520.6,211.892247043364,910.7500000000001,0.6844656545919134,178.2577529566361,0.1339679490129536,0.39125206673681046
2026-05-23,939.1,296.95,443.45599999999996,211.892247043364,642.1500000000001,0.6837929932914494,-13.198247043363864,-0.01405414443974429,0.47221382174422316
2026-05-24,886.6,277.45,418.002,211.892247043364,609.1500000000001,0.6870629370629372,-20.744247043363913,-0.023397526554662658,0.471466275659824
2026-05-25,1376.1,442.95,597.3199999999999,211.892247043364,933.1499999999999,0.6781120558098975,123.93775295663593,0.09006449600801972,0.43406729162124846
2026-05-26,1279.2,398.2,618.57,211.892247043364,881.0,0.6887116948092558,50.537752956635956,0.03950731156710128,0.48356003752345217
2026-05-27,1227.0,387.65000000000003,615.327,211.892247043364,839.3499999999999,0.6840668296658516,12.130752956635916,0.009886514227087136,0.5014889975550122
2026-05-28,1422.1,454.45,616.159,211.892247043364,967.6499999999999,0.6804373813374587,139.59875295663588,0.09816380912498128,0.4332740313620702
2026-05-29,1629.7,522.3000000000001,571.32,211.892247043364,1107.4,0.6795115665459901,324.187752956636,0.19892480392503897,0.35056758912683317
2026-05-30,921.3,294.40000000000003,471.44,211.892247043364,626.8999999999999,0.6804515358732225,-56.43224704336413,-0.06125284602557705,0.5117117117117117
2026-05-31,775.3,243.5,459.488,211.892247043364,531.8,0.6859280278601831,-139.58024704336404,-0.18003385404793507,0.5926583258093642
2026-06-01,1100.1000000000001,344.75,532.122,211.892247043364,755.3500000000001,0.686619398236524,11.335752956636185,0.010304293206650472,0.4837032997000272
2026-06-02,1294.4,409.0,608.52,211.892247043364,885.4000000000001,0.6840234857849197,64.98775295663611,0.05020685487997227,0.47011742892459824
2026-06-03,1332.9,424.75,537.602,211.892247043364,908.1500000000001,0.6813339335283968,158.65575295663612,0.11903049962985679,0.40333258308950404
2026-06-04,1339.2,418.4,607.695,211.892247043364,920.8000000000001,0.6875746714456392,101.21275295663602,0.07557702580393968,0.45377464157706093
2026-06-05,1535.4,490.25,625.625,211.892247043364,1045.15,0.680702097173375,207.6327529566361,0.13523039791366165,0.4074671095480005
2026-06-06,669.2,208.55,425.28,211.892247043364,460.65000000000003,0.6883592349073521,-176.52224704336393,-0.2637810027545785,0.6355050806933651
2026-06-07,884.0,278.25,387.144,211.892247043364,605.75,0.685237556561086,6.713752956636,0.007594743163615384,0.4379457013574661
2026-06-08,1328.4,420.90000000000003,547.288,211.892247043364,907.5,0.6831526648599819,148.319752956636,0.11165293056055103,0.4119903643480879
2026-06-09,1502.0,473.35,551.8620000000001,211.892247043364,1028.65,0.6848535286284954,264.895752956636,0.17636201927871903,0.3674181091877497
2026-06-10,1462.4,467.70000000000005,618.201,211.892247043364,994.7,0.6801832603938731,164.60675295663603,0.11255932231717453,0.422730443107221
2026-06-11,1000.8,312.55,652.08,211.892247043364,688.25,0.6876998401278978,-175.72224704336404,-0.1755817816180696,0.651558752997602
2026-06-12,1169.4,371.65,585.9,211.892247043364,797.7500000000001,0.6821874465537883,-0.04224704336385798,-3.6127110795158185e-05,0.5010261672652642
2026-06-13,872.1,277.25,397.049,211.892247043364,594.85,0.682089209952987,-14.09124704336395,-0.016157834013718553,0.4552792110996445
2026-06-14,819.3,255.65,442.656,211.892247043364,563.65,0.6879653362626632,-90.89824704336402,-0.11094623098176984,0.5402856096667887
2026-06-15,1235.5,396.1,607.02,211.892247043364,839.4,0.6794010522055848,20.487752956636,0.01658256006202833,0.49131525698097933
2026-06-16,1421.2,449.25,593.5300000000001,211.892247043364,971.95,0.6838938924852238,166.52775295663596,0.11717404514258088,0.41762594990149177
2026-06-17,1321.1000000000001,413.4,557.27,211.892247043364,907.7000000000002,0.6870789493603815,138.53775295663618,0.10486545526957548,0.42182272348800237
2026-06-18,1163.6000000000001,370.35,553.656,211.892247043364,793.2500000000001,0.6817205225163286,27.70175295663617,0.023806937913919017,0.47581299415606726
2026-06-19,1592.7,505.90000000000003,613.676,211.892247043364,1086.8,0.6823632824762981,261.2317529566359,0.16401817853747466,0.38530545614365547
2026-06-20,801.6,253.15,427.17600000000004,211.892247043364,548.45,0.6841941117764472,-90.618247043364,-0.11304671537345808,0.5329041916167665
2026-06-21,864.8000000000001,276.2,431.47200000000004,211.892247043364,588.6000000000001,0.6806197964847365,-54.764247043363895,-0.06332591008714604,0.49892691951896395
2026-06-22,1324.9,416.55,614.5450000000001,211.892247043364,908.3500000000001,0.685598913125519,81.91275295663607,0.06182561171155262,0.4638425541550306
2026-06-23,1360.5,438.6,563.6800000000001,211.892247043364,921.9,0.6776185226019845,146.32775295663592,0.10755439394093048,0.4143182653436237
2026-06-24,1429.0,455.5,579.362,211.892247043364,973.5,0.6812456263121064,182.24575295663604,0.12753376693956336,0.4054317704688593
2026-06-25,1437.2,458.6,567.3240000000001,211.892247043364,978.6,0.6809073197884776,199.38375295663596,0.13873069367981905,0.3947425549679934
2026-06-26,1215.1000000000001,383.75,638.928,211.892247043364,831.3500000000001,0.6841823718212493,-19.470247043363855,-0.016023575873067117,0.5258233890214796
2026-06-27,788.9,248.70000000000002,440.895,211.892247043364,540.1999999999999,0.6847509190011407,-112.58724704336404,-0.1427142185871011,0.5588731144631766
2026-06-28,657.1,209.85,401.2,211.892247043364,447.25,0.6806422157966824,-165.84224704336398,-0.2523850967027301,0.6105615583625018
2026-06-29,1425.7,452.45000000000005,612.5490000000001,211.892247043364,973.25,0.6826471207126323,148.8087529566359,0.10437592267422031,0.42964789226344957
